model,epochs_ran,train_loss,train_acc,valid_loss,valid_acc
LSTM,22,0.35919010639190674,0.8747725486755371,0.40233635902404785,0.8591269850730896
GRU,22,0.357583612203598,0.8746070861816406,0.39933958649635315,0.8597883582115173
